Indicação de data e hora,Enter the time you started.,"In your organization context, what is your job title?",Please make a brief description of what you do during your workday.,"Considering your current occupation, please identify the activities you are more engaged with",For how long have you been working in development or software maintenance?,How do you classify your workplace?,What is the current size of your team?,How often are you engaged in the following activities? [Enter Change Request in CRMS],How often are you engaged in the following activities? [To decide whether a Change Request will be accepted or rejected and what type of maintenance should be applied.],How often are you engaged in the following activities? [To manage the Request Change queue and assignment Change Request to develop.],How often are you engaged in the following activities? [Write code],How often are you engaged in the following activities? [To manage the Request Change queue and assignment Change Request to develop.],How often are you engaged in the following activities? [Write code],Enter the name of Change Request Management System that you currently use.,"For each of the following tools, we would like that you assess the relevance of each inside the domain of CRMS. [Apache Bloodhound]","For each of the following tools, we would like that you assess the relevance of each inside the domain of CRMS. [Assembla Tickets]","For each of the following tools, we would like that you assess the relevance of each inside the domain of CRMS. [Axosoft]","For each of the following tools, we would like that you assess the relevance of each inside the domain of CRMS. [BMC Remedy Action Request System]","For each of the following tools, we would like that you assess the relevance of each inside the domain of CRMS. [Bontq]","For each of the following tools, we would like that you assess the relevance of each inside the domain of CRMS. [Brimir]","For each of the following tools, we would like that you assess the relevance of each inside the domain of CRMS. [Bugzilla]","For each of the following tools, we would like that you assess the relevance of each inside the domain of CRMS. [Debbugs]","For each of the following tools, we would like that you assess the relevance of each inside the domain of CRMS. [FogBugz]","For each of the following tools, we would like that you assess the relevance of each inside the domain of CRMS. [Fossil SCM]","For each of the following tools, we would like that you assess the relevance of each inside the domain of CRMS. [FusionForge]","For each of the following tools, we would like that you assess the relevance of each inside the domain of CRMS. [Gestionnaire libre de parc informatique]","For each of the following tools, we would like that you assess the relevance of each inside the domain of CRMS. [GNATS GNU]","For each of the following tools, we would like that you assess the relevance of each inside the domain of CRMS. [Google Code Hosting]","For each of the following tools, we would like that you assess the relevance of each inside the domain of CRMS. [HP Quality Center]","For each of the following tools, we would like that you assess the relevance of each inside the domain of CRMS. [IBM Rational ClearQuest]","For each of the following tools, we would like that you assess the relevance of each inside the domain of CRMS. [IBM Rational Team Concert]","For each of the following tools, we would like that you assess the relevance of each inside the domain of CRMS. [JIRA Software]","For each of the following tools, we would like that you assess the relevance of each inside the domain of CRMS. [Kayako SupportSuite]","For each of the following tools, we would like that you assess the relevance of each inside the domain of CRMS. [Launchpad]","For each of the following tools, we would like that you assess the relevance of each inside the domain of CRMS. [Liberum Help Desk]","For each of the following tools, we would like that you assess the relevance of each inside the domain of CRMS. [Mantis Bug Tracker]","For each of the following tools, we would like that you assess the relevance of each inside the domain of CRMS. [Microsoft Dynamics CRM]","For each of the following tools, we would like that you assess the relevance of each inside the domain of CRMS. [org-mode]","For each of the following tools, we would like that you assess the relevance of each inside the domain of CRMS. [Open-source Ticket Request System]","For each of the following tools, we would like that you assess the relevance of each inside the domain of CRMS. [Pivotal Tracker]","For each of the following tools, we would like that you assess the relevance of each inside the domain of CRMS. [Plain Ticket]","For each of the following tools, we would like that you assess the relevance of each inside the domain of CRMS. [Planbox]","For each of the following tools, we would like that you assess the relevance of each inside the domain of CRMS. [QuickBase]","For each of the following tools, we would like that you assess the relevance of each inside the domain of CRMS. [Redmine]","For each of the following tools, we would like that you assess the relevance of each inside the domain of CRMS. [Request Tracker]","For each of the following tools, we would like that you assess the relevance of each inside the domain of CRMS. [Roundup Issue Tracker]","For each of the following tools, we would like that you assess the relevance of each inside the domain of CRMS. [StarTeam]","For each of the following tools, we would like that you assess the relevance of each inside the domain of CRMS. [Supportworks]","For each of the following tools, we would like that you assess the relevance of each inside the domain of CRMS. [SysAid]","For each of the following tools, we would like that you assess the relevance of each inside the domain of CRMS. [Targetprocess]","For each of the following tools, we would like that you assess the relevance of each inside the domain of CRMS. [Team Foundation Server]","For each of the following tools, we would like that you assess the relevance of each inside the domain of CRMS. [Twproject]","For each of the following tools, we would like that you assess the relevance of each inside the domain of CRMS. [TechExcel's DevTrack]","For each of the following tools, we would like that you assess the relevance of each inside the domain of CRMS. [TestTrack]","For each of the following tools, we would like that you assess the relevance of each inside the domain of CRMS. [The Bug Genie]","For each of the following tools, we would like that you assess the relevance of each inside the domain of CRMS. [Trac Bug Tracking System]","For each of the following tools, we would like that you assess the relevance of each inside the domain of CRMS. [TrackerSuite.Net]","For each of the following tools, we would like that you assess the relevance of each inside the domain of CRMS. [Tuleap]","For each of the following tools, we would like that you assess the relevance of each inside the domain of CRMS. [Usersnap Bug Tracking System]","For each of the following tools, we would like that you assess the relevance of each inside the domain of CRMS. [Web Help Desk]","For each of the following tools, we would like that you assess the relevance of each inside the domain of CRMS. [Wrike Project management software]","For each of the following tools, we would like that you assess the relevance of each inside the domain of CRMS. [YouTrack]","For each of the following tools, we would like that you assess the relevance of each inside the domain of CRMS. [Zoho BugTracker]","For each of the following tools, we would like that you assess the relevance of each inside the domain of CRMS. [CA Service Desk]","For each of the following tools, we would like that you assess the relevance of each inside the domain of CRMS. [SourceSafe]",Would you like to receive the results of this research,Would you like to participate in other research about the theme?,Enter the time you finished,Would you like to include additional information or suggestions about this research?
14/11/2016 00:04:31,18:00:00,Software Developer,"Design, develop, and maintain software",maintenance and evolution of software,3 - 10 years,Software company in private sector,More than 10,A few times a week,A few times a week,Weekly,Less than monthly,A few times a month,A few times a day/every day,JIRA,I do not know the tool,I do not know the tool,I do not know the tool,I do not know the tool,I do not know the tool,I do not know the tool,Relevant,I do not know the tool,I do not know the tool,I do not know the tool,I do not know the tool,I do not know the tool,I do not know the tool,I do not know the tool,I do not know the tool,I do not know the tool,I do not know the tool,Very relevant,I do not know the tool,I do not know the tool,I do not know the tool,I do not know the tool,I do not know the tool,I do not know the tool,I do not know the tool,I do not know the tool,I do not know the tool,Relevant,I do not know the tool,I do not know the tool,I do not know the tool,I do not know the tool,I do not know the tool,I do not know the tool,I do not know the tool,I do not know the tool,I do not know the tool,I do not know the tool,I do not know the tool,I do not know the tool,I do not know the tool,I do not know the tool,I do not know the tool,I do not know the tool,I do not know the tool,I do not know the tool,I do not know the tool,I do not know the tool,I do not know the tool,I do not know the tool,I do not know the tool,No,No,18:05:00,
14/11/2016 00:33:17,18:28:00,Software Engineer,Learn about the build systems for the new project I'm working on.,maintenance and evolution of software,More than 20 years,Software company in private sector,More than 10,Less than monthly,A few times a month,A few times a month,Less than monthly,Less than monthly,A few times a month,RTC,I do not know the tool,I do not know the tool,I do not know the tool,I do not know the tool,I do not know the tool,I do not know the tool,I do not know the tool,I do not know the tool,I do not know the tool,I do not know the tool,I do not know the tool,I do not know the tool,I do not know the tool,I do not know the tool,I do not know the tool,Not very relevant,Relevant,Very relevant,I do not know the tool,I do not know the tool,I do not know the tool,I do not know the tool,I do not know the tool,I do not know the tool,I do not know the tool,I do not know the tool,I do not know the tool,I do not know the tool,I do not know the tool,I do not know the tool,I do not know the tool,I do not know the tool,I do not know the tool,I do not know the tool,I do not know the tool,I do not know the tool,I do not know the tool,I do not know the tool,I do not know the tool,I do not know the tool,I do not know the tool,I do not know the tool,I do not know the tool,I do not know the tool,I do not know the tool,I do not know the tool,I do not know the tool,I do not know the tool,I do not know the tool,I do not know the tool,I do not know the tool,No,No,18:32:00,
14/11/2016 05:21:13,07:17:00,Senior Software Engineer,"Coding, meetings, writing docs",development of new software,More than 20 years,Software company in private sector,2 - 5,A few times a week,A few times a week,A few times a week,A few times a month,A few times a month,A few times a day/every day,Github,I do not know the tool,I do not know the tool,I do not know the tool,I do not know the tool,I do not know the tool,I do not know the tool,Very relevant,I do not know the tool,Relevant,I do not know the tool,I do not know the tool,I do not know the tool,I do not know the tool,Not very relevant,I do not know the tool,I do not know the tool,I do not know the tool,Relevant,I do not know the tool,I do not know the tool,I do not know the tool,I do not know the tool,I do not know the tool,I do not know the tool,Very relevant,Relevant,I do not know the tool,I do not know the tool,I do not know the tool,I do not know the tool,I do not know the tool,I do not know the tool,I do not know the tool,I do not know the tool,I do not know the tool,I do not know the tool,Relevant,I do not know the tool,I do not know the tool,Not very relevant,I do not know the tool,Not very relevant,I do not know the tool,I do not know the tool,I do not know the tool,I do not know the tool,I do not know the tool,I do not know the tool,I do not know the tool,I do not know the tool,Nothing relevant,No,No,07:20:00,
15/11/2016 20:00:13,23:53:00,Developer,Code,development of new software,3 - 10 years,Software company in governament sector,6 - 10,A few times a month,Less than monthly,Less than monthly,Never,Never,A few times a month,Jira,I do not know the tool,I do not know the tool,I do not know the tool,I do not know the tool,I do not know the tool,I do not know the tool,Nothing relevant,I do not know the tool,I do not know the tool,I do not know the tool,I do not know the tool,I do not know the tool,I do not know the tool,I do not know the tool,I do not know the tool,I do not know the tool,I do not know the tool,Very relevant,I do not know the tool,I do not know the tool,I do not know the tool,I do not know the tool,I do not know the tool,I do not know the tool,I do not know the tool,I do not know the tool,I do not know the tool,I do not know the tool,I do not know the tool,I do not know the tool,I do not know the tool,Relevant,I do not know the tool,I do not know the tool,I do not know the tool,I do not know the tool,I do not know the tool,I do not know the tool,I do not know the tool,I do not know the tool,I do not know the tool,I do not know the tool,I do not know the tool,I do not know the tool,I do not know the tool,I do not know the tool,I do not know the tool,I do not know the tool,I do not know the tool,I do not know the tool,I do not know the tool,Yes,Yes,23:59:00,
15/11/2016 20:13:09,17:06:00,Developer (only open-source contributions),Not employed (student; solely open-source contributions),I am a studant,I am a student,I am a studant,1 (myself only),Less than monthly,A few times a month,Less than monthly,Never,Never,A few times a day/every day,GitHub Pull Requests,I do not know the tool,I do not know the tool,I do not know the tool,I do not know the tool,I do not know the tool,I do not know the tool,I do not know the tool,I do not know the tool,I do not know the tool,I do not know the tool,I do not know the tool,I do not know the tool,I do not know the tool,Nothing relevant,I do not know the tool,I do not know the tool,I do not know the tool,I do not know the tool,I do not know the tool,Nothing relevant,I do not know the tool,Nothing relevant,I do not know the tool,I do not know the tool,Relevant,I do not know the tool,Nothing relevant,I do not know the tool,I do not know the tool,I do not know the tool,Nothing relevant,Relevant,I do not know the tool,I do not know the tool,I do not know the tool,I do not know the tool,I do not know the tool,I do not know the tool,I do not know the tool,I do not know the tool,I do not know the tool,I do not know the tool,I do not know the tool,I do not know the tool,I do not know the tool,I do not know the tool,I do not know the tool,I do not know the tool,I do not know the tool,I do not know the tool,I do not know the tool,No,No,17:11:00,I am not employed and only contribute to open-source software. My answers do not accurately represent actual use of these tools.
15/11/2016 20:51:04,14:47:00,Software Developer,Develop software,maintenance and evolution of software,10 - 20 years,Open source project,More than 10,A few times a month,Weekly,Weekly,Weekly,A few times a month,Weekly,Roundup (bugs.python.org fork),I do not know the tool,I do not know the tool,I do not know the tool,I do not know the tool,I do not know the tool,I do not know the tool,Nothing relevant,I do not know the tool,Nothing relevant,Nothing relevant,I do not know the tool,I do not know the tool,I do not know the tool,Nothing relevant,I do not know the tool,I do not know the tool,I do not know the tool,Nothing relevant,I do not know the tool,Nothing relevant,I do not know the tool,I do not know the tool,Nothing relevant,Nothing relevant,I do not know the tool,Nothing relevant,I do not know the tool,I do not know the tool,I do not know the tool,I do not know the tool,I do not know the tool,Very relevant,I do not know the tool,I do not know the tool,I do not know the tool,I do not know the tool,Nothing relevant,I do not know the tool,I do not know the tool,I do not know the tool,I do not know the tool,Nothing relevant,I do not know the tool,I do not know the tool,I do not know the tool,I do not know the tool,I do not know the tool,I do not know the tool,Nothing relevant,I do not know the tool,Nothing relevant,No,No,14:50:00,"The options of ""do not know"" and ""nothing relevant"" doesn't seemingly cover ""I know of the tool but don't use it"""
15/11/2016 22:26:09,22:16:00,Software Engineer,Backend/frontend development,"Both new software and maintenance, mostly new things",10 - 20 years,Software company in private sector,2 - 5,Never,Never,A few times a week,A few times a month,Less than monthly,A few times a day/every day,Trello,I do not know the tool,I do not know the tool,I do not know the tool,I do not know the tool,I do not know the tool,I do not know the tool,Not very relevant,I do not know the tool,Relevant,I do not know the tool,I do not know the tool,I do not know the tool,I do not know the tool,Not very relevant,I do not know the tool,I do not know the tool,I do not know the tool,I do not know the tool,I do not know the tool,I do not know the tool,I do not know the tool,I do not know the tool,I do not know the tool,I do not know the tool,I do not know the tool,Relevant,I do not know the tool,I do not know the tool,I do not know the tool,I do not know the tool,I do not know the tool,I do not know the tool,I do not know the tool,I do not know the tool,I do not know the tool,I do not know the tool,Not very relevant,I do not know the tool,I do not know the tool,I do not know the tool,I do not know the tool,I do not know the tool,I do not know the tool,I do not know the tool,I do not know the tool,I do not know the tool,I do not know the tool,I do not know the tool,I do not know the tool,I do not know the tool,Nothing relevant,No,No,22:25:00,
15/11/2016 22:59:06,13:53:00,Software Developer,Code,development of new software,More than 20 years,Software company in private sector,6 - 10,A few times a week,A few times a week,A few times a week,A few times a week,A few times a week,A few times a day/every day,Youtrack,I do not know the tool,I do not know the tool,I do not know the tool,I do not know the tool,I do not know the tool,I do not know the tool,Relevant,I do not know the tool,Relevant,I do not know the tool,I do not know the tool,I do not know the tool,I do not know the tool,Nothing relevant,I do not know the tool,Relevant,I do not know the tool,Relevant,I do not know the tool,I do not know the tool,I do not know the tool,I do not know the tool,Nothing relevant,I do not know the tool,I do not know the tool,I do not know the tool,I do not know the tool,I do not know the tool,I do not know the tool,Relevant,I do not know the tool,I do not know the tool,I do not know the tool,I do not know the tool,I do not know the tool,I do not know the tool,Not very relevant,I do not know the tool,I do not know the tool,I do not know the tool,I do not know the tool,I do not know the tool,I do not know the tool,I do not know the tool,I do not know the tool,I do not know the tool,I do not know the tool,Very relevant,I do not know the tool,I do not know the tool,Nothing relevant,No,No,13:57:00,"this is a really really really bad survey, too many terms are highly subjective"
15/11/2016 23:28:08,02:22:00,Technical lead,"Architecture, training of coworkers, development, tooling,...",maintenance and evolution of software,3 - 10 years,Software company in private sector,2 - 5,A few times a month,Less than monthly,A few times a month,Never,Never,A few times a day/every day,Jira,I do not know the tool,I do not know the tool,I do not know the tool,I do not know the tool,I do not know the tool,I do not know the tool,I do not know the tool,I do not know the tool,Very relevant,I do not know the tool,I do not know the tool,I do not know the tool,I do not know the tool,I do not know the tool,I do not know the tool,I do not know the tool,I do not know the tool,Very relevant,I do not know the tool,I do not know the tool,I do not know the tool,I do not know the tool,Nothing relevant,I do not know the tool,I do not know the tool,I do not know the tool,I do not know the tool,I do not know the tool,I do not know the tool,Very relevant,I do not know the tool,I do not know the tool,I do not know the tool,I do not know the tool,I do not know the tool,I do not know the tool,Relevant,I do not know the tool,I do not know the tool,I do not know the tool,I do not know the tool,I do not know the tool,I do not know the tool,I do not know the tool,I do not know the tool,I do not know the tool,I do not know the tool,I do not know the tool,I do not know the tool,I do not know the tool,Nothing relevant,Yes,No,02:27:00,
16/11/2016 00:06:26,21:56:00,Senior Developer / Architect,Design and write software solutions. ,development of new software,More than 20 years,Software company in private sector,2 - 5,Weekly,Weekly,Weekly,Weekly,Weekly,A few times a day/every day,Bitbucket Issue Tracker,I do not know the tool,I do not know the tool,I do not know the tool,I do not know the tool,I do not know the tool,I do not know the tool,Very relevant,I do not know the tool,I do not know the tool,I do not know the tool,I do not know the tool,I do not know the tool,I do not know the tool,Not very relevant,I do not know the tool,I do not know the tool,I do not know the tool,Relevant,I do not know the tool,I do not know the tool,I do not know the tool,Not very relevant,I do not know the tool,I do not know the tool,I do not know the tool,I do not know the tool,I do not know the tool,I do not know the tool,I do not know the tool,Very relevant,I do not know the tool,I do not know the tool,I do not know the tool,I do not know the tool,I do not know the tool,I do not know the tool,I do not know the tool,I do not know the tool,I do not know the tool,I do not know the tool,I do not know the tool,I do not know the tool,I do not know the tool,I do not know the tool,I do not know the tool,I do not know the tool,I do not know the tool,I do not know the tool,I do not know the tool,I do not know the tool,I do not know the tool,Yes,No,22:03:00,
16/11/2016 01:04:59,08:31:00,sdet,"automation ,sometimes development",maintenance and evolution of software,3 - 10 years,Software company in private sector,2 - 5,Never,Never,Never,Never,Never,A few times a day/every day,Jira,I do not know the tool,I do not know the tool,I do not know the tool,I do not know the tool,I do not know the tool,I do not know the tool,I do not know the tool,I do not know the tool,I do not know the tool,I do not know the tool,I do not know the tool,I do not know the tool,I do not know the tool,I do not know the tool,Not very relevant,I do not know the tool,I do not know the tool,Very relevant,I do not know the tool,I do not know the tool,I do not know the tool,I do not know the tool,I do not know the tool,I do not know the tool,I do not know the tool,I do not know the tool,I do not know the tool,I do not know the tool,I do not know the tool,I do not know the tool,I do not know the tool,I do not know the tool,I do not know the tool,I do not know the tool,I do not know the tool,I do not know the tool,I do not know the tool,I do not know the tool,I do not know the tool,I do not know the tool,Not very relevant,I do not know the tool,I do not know the tool,I do not know the tool,I do not know the tool,I do not know the tool,I do not know the tool,I do not know the tool,I do not know the tool,I do not know the tool,I do not know the tool,No,No,08:34:00,
16/11/2016 01:22:31,08:40:00,Sr. Software Engineer,"I will get assignments from my client/the team lead, I will analyse the works and split up into modules and assign to my team members according to their capabilities. I will always try to keep in touch with them and will care to do important modules by myself and integrate team members works as well.",development of new software,Less than 03 years,Software company in private sector,2 - 5,A few times a week,Less than monthly,Weekly,A few times a week,A few times a week,A few times a day/every day,we don't use any tools for this,I do not know the tool,I do not know the tool,I do not know the tool,I do not know the tool,I do not know the tool,I do not know the tool,I do not know the tool,I do not know the tool,I do not know the tool,I do not know the tool,I do not know the tool,I do not know the tool,I do not know the tool,I do not know the tool,I do not know the tool,I do not know the tool,I do not know the tool,I do not know the tool,I do not know the tool,I do not know the tool,I do not know the tool,I do not know the tool,I do not know the tool,I do not know the tool,I do not know the tool,I do not know the tool,I do not know the tool,I do not know the tool,I do not know the tool,I do not know the tool,I do not know the tool,I do not know the tool,I do not know the tool,I do not know the tool,I do not know the tool,I do not know the tool,I do not know the tool,I do not know the tool,I do not know the tool,I do not know the tool,I do not know the tool,I do not know the tool,I do not know the tool,I do not know the tool,I do not know the tool,I do not know the tool,I do not know the tool,I do not know the tool,I do not know the tool,I do not know the tool,I do not know the tool,Yes,No,08:51:00,Nothing special
16/11/2016 01:40:57,19:32:00,Sr. Software Engineer,"Code!  And specify, software & system architecture, a little bit of project mgmt, meetings, operations",development of new software,10 - 20 years,Software company in private sector,6 - 10,A few times a week,A few times a month,A few times a month,A few times a month,Weekly,A few times a day/every day,Jira,I do not know the tool,I do not know the tool,I do not know the tool,I do not know the tool,I do not know the tool,I do not know the tool,Not very relevant,I do not know the tool,Not very relevant,Not very relevant,I do not know the tool,I do not know the tool,I do not know the tool,I do not know the tool,I do not know the tool,Not very relevant,Not very relevant,Very relevant,I do not know the tool,Relevant,I do not know the tool,Not very relevant,I do not know the tool,I do not know the tool,I do not know the tool,Not very relevant,I do not know the tool,I do not know the tool,I do not know the tool,I do not know the tool,I do not know the tool,I do not know the tool,I do not know the tool,I do not know the tool,I do not know the tool,I do not know the tool,I do not know the tool,I do not know the tool,I do not know the tool,I do not know the tool,I do not know the tool,Relevant,I do not know the tool,I do not know the tool,I do not know the tool,I do not know the tool,I do not know the tool,I do not know the tool,I do not know the tool,I do not know the tool,I do not know the tool,No,No,19:40:00,
16/11/2016 01:57:15,09:29:00,Senior System Analyst,"I develop software, precisely working with Android development. Earlier I was also part of .Net team and Node.js development",maintenance and evolution of software,3 - 10 years,Software company in private sector,1 (myself only),Never,Never,Never,A few times a day/every day,A few times a month,A few times a day/every day,NA,I do not know the tool,I do not know the tool,I do not know the tool,I do not know the tool,I do not know the tool,I do not know the tool,I do not know the tool,I do not know the tool,I do not know the tool,I do not know the tool,I do not know the tool,I do not know the tool,I do not know the tool,I do not know the tool,Very relevant,I do not know the tool,I do not know the tool,Relevant,I do not know the tool,I do not know the tool,I do not know the tool,I do not know the tool,I do not know the tool,I do not know the tool,I do not know the tool,I do not know the tool,I do not know the tool,I do not know the tool,I do not know the tool,I do not know the tool,I do not know the tool,I do not know the tool,I do not know the tool,I do not know the tool,I do not know the tool,I do not know the tool,Very relevant,I do not know the tool,I do not know the tool,I do not know the tool,I do not know the tool,I do not know the tool,I do not know the tool,I do not know the tool,I do not know the tool,I do not know the tool,I do not know the tool,I do not know the tool,I do not know the tool,I do not know the tool,I do not know the tool,Yes,No,09:34:00,N/A
16/11/2016 02:46:47,08:12:00,Senior Software Developer,"Analysis, design and development of ERP systems",development of new software,3 - 10 years,Software company in private sector,More than 10,Never,Never,Never,Never,Never,A few times a day/every day,Team Foundation Server,I do not know the tool,I do not know the tool,I do not know the tool,I do not know the tool,I do not know the tool,I do not know the tool,I do not know the tool,I do not know the tool,I do not know the tool,I do not know the tool,I do not know the tool,I do not know the tool,I do not know the tool,I do not know the tool,I do not know the tool,I do not know the tool,I do not know the tool,I do not know the tool,I do not know the tool,I do not know the tool,I do not know the tool,I do not know the tool,I do not know the tool,I do not know the tool,I do not know the tool,I do not know the tool,I do not know the tool,I do not know the tool,I do not know the tool,I do not know the tool,I do not know the tool,I do not know the tool,I do not know the tool,I do not know the tool,I do not know the tool,I do not know the tool,Very relevant,I do not know the tool,I do not know the tool,I do not know the tool,I do not know the tool,I do not know the tool,I do not know the tool,I do not know the tool,I do not know the tool,I do not know the tool,I do not know the tool,I do not know the tool,I do not know the tool,I do not know the tool,I do not know the tool,Yes,Yes,08:16:00,
16/11/2016 03:24:02,10:50:00,Tech Lead,Team management and coding,development of new software,3 - 10 years,Software company in private sector,6 - 10,Weekly,Weekly,Weekly,A few times a month,A few times a month,A few times a day/every day,Jira,I do not know the tool,I do not know the tool,I do not know the tool,I do not know the tool,I do not know the tool,I do not know the tool,Relevant,I do not know the tool,I do not know the tool,I do not know the tool,I do not know the tool,I do not know the tool,I do not know the tool,I do not know the tool,I do not know the tool,I do not know the tool,I do not know the tool,Very relevant,I do not know the tool,I do not know the tool,I do not know the tool,I do not know the tool,I do not know the tool,I do not know the tool,I do not know the tool,I do not know the tool,I do not know the tool,I do not know the tool,I do not know the tool,I do not know the tool,I do not know the tool,I do not know the tool,I do not know the tool,I do not know the tool,I do not know the tool,I do not know the tool,I do not know the tool,I do not know the tool,I do not know the tool,I do not know the tool,I do not know the tool,I do not know the tool,I do not know the tool,I do not know the tool,I do not know the tool,I do not know the tool,I do not know the tool,I do not know the tool,Relevant,I do not know the tool,I do not know the tool,Yes,No,10:54:00,No
16/11/2016 04:08:26,09:04:00,Android Developer,Develop software,maintenance and evolution of software,3 - 10 years,Software company in private sector,More than 10,A few times a week,A few times a week,A few times a week,Never,A few times a day/every day,A few times a day/every day,JIRA,I do not know the tool,I do not know the tool,I do not know the tool,I do not know the tool,I do not know the tool,I do not know the tool,Very relevant,I do not know the tool,I do not know the tool,I do not know the tool,I do not know the tool,I do not know the tool,I do not know the tool,Relevant,I do not know the tool,I do not know the tool,I do not know the tool,Very relevant,Relevant,I do not know the tool,I do not know the tool,I do not know the tool,I do not know the tool,I do not know the tool,I do not know the tool,I do not know the tool,I do not know the tool,I do not know the tool,I do not know the tool,Very relevant,I do not know the tool,I do not know the tool,I do not know the tool,I do not know the tool,I do not know the tool,I do not know the tool,I do not know the tool,I do not know the tool,I do not know the tool,I do not know the tool,I do not know the tool,Relevant,I do not know the tool,I do not know the tool,I do not know the tool,I do not know the tool,I do not know the tool,Very relevant,I do not know the tool,I do not know the tool,I do not know the tool,Yes,Yes,09:08:00,
16/11/2016 04:13:07,11:40:00,Technical Lead,"Project management, people management, design and development of software",development of new software,10 - 20 years,Software company in private sector,2 - 5,A few times a day/every day,A few times a month,A few times a day/every day,A few times a day/every day,A few times a month,A few times a day/every day,Jira,I do not know the tool,I do not know the tool,I do not know the tool,I do not know the tool,I do not know the tool,I do not know the tool,Not very relevant,I do not know the tool,I do not know the tool,I do not know the tool,I do not know the tool,I do not know the tool,I do not know the tool,I do not know the tool,Relevant,Relevant,I do not know the tool,Very relevant,I do not know the tool,I do not know the tool,I do not know the tool,I do not know the tool,I do not know the tool,I do not know the tool,I do not know the tool,I do not know the tool,I do not know the tool,I do not know the tool,I do not know the tool,I do not know the tool,I do not know the tool,I do not know the tool,I do not know the tool,I do not know the tool,I do not know the tool,I do not know the tool,I do not know the tool,I do not know the tool,I do not know the tool,I do not know the tool,I do not know the tool,I do not know the tool,I do not know the tool,I do not know the tool,I do not know the tool,I do not know the tool,I do not know the tool,I do not know the tool,I do not know the tool,I do not know the tool,I do not know the tool,Yes,Yes,11:43:00,
16/11/2016 04:24:23,08:18:00,Senior programmer,Developing new functionality and maintaining old ones,maintenance and evolution of software,3 - 10 years,Software company in private sector,2 - 5,Less than monthly,Weekly,Weekly,A few times a month,Less than monthly,A few times a day/every day,YouTrack,I do not know the tool,I do not know the tool,I do not know the tool,I do not know the tool,I do not know the tool,I do not know the tool,I do not know the tool,I do not know the tool,I do not know the tool,I do not know the tool,I do not know the tool,I do not know the tool,I do not know the tool,I do not know the tool,I do not know the tool,I do not know the tool,I do not know the tool,I do not know the tool,I do not know the tool,I do not know the tool,I do not know the tool,I do not know the tool,I do not know the tool,I do not know the tool,I do not know the tool,I do not know the tool,I do not know the tool,I do not know the tool,I do not know the tool,I do not know the tool,I do not know the tool,I do not know the tool,I do not know the tool,I do not know the tool,I do not know the tool,I do not know the tool,I do not know the tool,I do not know the tool,I do not know the tool,I do not know the tool,I do not know the tool,I do not know the tool,I do not know the tool,I do not know the tool,I do not know the tool,Not very relevant,I do not know the tool,Very relevant,I do not know the tool,I do not know the tool,I do not know the tool,No,No,08:23:00,Too much radio buttons for CRMS selection
16/11/2016 05:34:16,09:30:00,iOS Technologies Manager,"Review the solutions (code) created by developers, architect applications for iOS devices",development of new software,10 - 20 years,Software company in private sector,6 - 10,A few times a week,Weekly,Weekly,Less than monthly,A few times a month,Weekly,Gitlab,I do not know the tool,I do not know the tool,I do not know the tool,I do not know the tool,I do not know the tool,I do not know the tool,Not very relevant,I do not know the tool,Not very relevant,I do not know the tool,I do not know the tool,I do not know the tool,I do not know the tool,Not very relevant,I do not know the tool,I do not know the tool,I do not know the tool,Not very relevant,I do not know the tool,I do not know the tool,I do not know the tool,I do not know the tool,I do not know the tool,I do not know the tool,I do not know the tool,Not very relevant,I do not know the tool,I do not know the tool,I do not know the tool,Not very relevant,I do not know the tool,I do not know the tool,I do not know the tool,I do not know the tool,I do not know the tool,I do not know the tool,Not very relevant,I do not know the tool,I do not know the tool,I do not know the tool,I do not know the tool,I do not know the tool,I do not know the tool,I do not know the tool,I do not know the tool,I do not know the tool,I do not know the tool,I do not know the tool,I do not know the tool,I do not know the tool,I do not know the tool,No,No,09:34:00,
16/11/2016 18:18:45,22:15:00,developer,web development,development of new software,3 - 10 years,Software company in governament sector,2 - 5,A few times a day/every day,A few times a day/every day,A few times a day/every day,A few times a day/every day,A few times a day/every day,A few times a day/every day,TFS,I do not know the tool,I do not know the tool,I do not know the tool,I do not know the tool,I do not know the tool,I do not know the tool,I do not know the tool,I do not know the tool,I do not know the tool,I do not know the tool,I do not know the tool,I do not know the tool,I do not know the tool,I do not know the tool,I do not know the tool,I do not know the tool,I do not know the tool,I do not know the tool,I do not know the tool,I do not know the tool,I do not know the tool,I do not know the tool,I do not know the tool,I do not know the tool,I do not know the tool,I do not know the tool,I do not know the tool,I do not know the tool,I do not know the tool,I do not know the tool,I do not know the tool,I do not know the tool,I do not know the tool,I do not know the tool,I do not know the tool,I do not know the tool,Very relevant,I do not know the tool,I do not know the tool,I do not know the tool,I do not know the tool,I do not know the tool,I do not know the tool,I do not know the tool,I do not know the tool,I do not know the tool,I do not know the tool,I do not know the tool,I do not know the tool,I do not know the tool,I do not know the tool,Yes,Yes,22:18:00,you have typos in the survey. (studant => student)
17/11/2016 01:43:16,09:05:00,IBM India Pvt Ltd,"I am involved in architecting, developing new functions for a product along with maintaining it. I am also work with lot of customers to develop solutions for them. ",development of new software,10 - 20 years,Software company in private sector,6 - 10,A few times a week,A few times a week,A few times a week,A few times a week,,,IBM Rational Team Concert,I do not know the tool,I do not know the tool,I do not know the tool,I do not know the tool,I do not know the tool,I do not know the tool,Relevant,I do not know the tool,I do not know the tool,I do not know the tool,I do not know the tool,I do not know the tool,I do not know the tool,I do not know the tool,I do not know the tool,I do not know the tool,Very relevant,I do not know the tool,I do not know the tool,I do not know the tool,I do not know the tool,I do not know the tool,Not very relevant,I do not know the tool,I do not know the tool,I do not know the tool,I do not know the tool,I do not know the tool,I do not know the tool,I do not know the tool,I do not know the tool,I do not know the tool,I do not know the tool,I do not know the tool,I do not know the tool,I do not know the tool,I do not know the tool,I do not know the tool,I do not know the tool,I do not know the tool,I do not know the tool,I do not know the tool,I do not know the tool,I do not know the tool,I do not know the tool,I do not know the tool,I do not know the tool,I do not know the tool,I do not know the tool,I do not know the tool,Relevant,Yes,Yes,09:13:00,
17/11/2016 04:22:09,11:04:00,Software Engineer,"I manage and develop the backend system.
Daily Tasks include:
- Findout bottlenecks, build strategy to solve them
- Improve performance of database
- Research & development to extract best available tools
- Manage bug/change lists
- Ready workflows/calculation of impact of a change request on overall system, modify the request if necessary",maintenance and evolution of software,Less than 03 years,Software company in private sector,2 - 5,Never,Weekly,A few times a week,A few times a day/every day,,,trello,I do not know the tool,I do not know the tool,I do not know the tool,I do not know the tool,I do not know the tool,I do not know the tool,I do not know the tool,I do not know the tool,I do not know the tool,I do not know the tool,I do not know the tool,I do not know the tool,I do not know the tool,I do not know the tool,I do not know the tool,I do not know the tool,I do not know the tool,Relevant,I do not know the tool,I do not know the tool,I do not know the tool,I do not know the tool,I do not know the tool,I do not know the tool,I do not know the tool,I do not know the tool,I do not know the tool,I do not know the tool,I do not know the tool,I do not know the tool,I do not know the tool,I do not know the tool,I do not know the tool,I do not know the tool,I do not know the tool,I do not know the tool,Not very relevant,I do not know the tool,I do not know the tool,I do not know the tool,I do not know the tool,I do not know the tool,I do not know the tool,I do not know the tool,I do not know the tool,I do not know the tool,I do not know the tool,I do not know the tool,I do not know the tool,I do not know the tool,I do not know the tool,Yes,Yes,11:11:00,
17/11/2016 05:03:25,00:54:00,Senior Software Analyst,"Technical lead of current team. System analysis and design, review others work, release estimation and planning, development of some core portions etc.",development of new software,3 - 10 years,Software company in private sector,More than 10,A few times a day/every day,A few times a day/every day,A few times a week,A few times a week,,,Redmine,I do not know the tool,I do not know the tool,I do not know the tool,I do not know the tool,I do not know the tool,I do not know the tool,Relevant,I do not know the tool,I do not know the tool,I do not know the tool,I do not know the tool,I do not know the tool,I do not know the tool,I do not know the tool,I do not know the tool,I do not know the tool,I do not know the tool,Very relevant,I do not know the tool,I do not know the tool,I do not know the tool,I do not know the tool,I do not know the tool,I do not know the tool,I do not know the tool,I do not know the tool,I do not know the tool,I do not know the tool,I do not know the tool,Very relevant,I do not know the tool,I do not know the tool,I do not know the tool,I do not know the tool,I do not know the tool,I do not know the tool,I do not know the tool,I do not know the tool,I do not know the tool,I do not know the tool,I do not know the tool,I do not know the tool,I do not know the tool,I do not know the tool,I do not know the tool,I do not know the tool,I do not know the tool,I do not know the tool,I do not know the tool,I do not know the tool,I do not know the tool,No,No,13:10:00,
19/11/2016 07:23:45,10:10:00,Senior Java/Full Stack Software Engineer/Technical Leader,Stand up meeting / design software architecture / write code/development new software / support team,development of new software,10 - 20 years,I am a student,2 - 5,A few times a week,A few times a month,Weekly,A few times a day/every day,,,jira,I do not know the tool,I do not know the tool,I do not know the tool,I do not know the tool,I do not know the tool,I do not know the tool,Not very relevant,I do not know the tool,I do not know the tool,I do not know the tool,I do not know the tool,I do not know the tool,I do not know the tool,I do not know the tool,I do not know the tool,I do not know the tool,I do not know the tool,Very relevant,I do not know the tool,I do not know the tool,I do not know the tool,I do not know the tool,I do not know the tool,I do not know the tool,Not very relevant,I do not know the tool,I do not know the tool,I do not know the tool,I do not know the tool,Relevant,I do not know the tool,I do not know the tool,I do not know the tool,I do not know the tool,I do not know the tool,I do not know the tool,I do not know the tool,I do not know the tool,I do not know the tool,I do not know the tool,I do not know the tool,I do not know the tool,I do not know the tool,I do not know the tool,I do not know the tool,I do not know the tool,I do not know the tool,I do not know the tool,I do not know the tool,I do not know the tool,I do not know the tool,Yes,Yes,10:20:00,
21/11/2016 00:05:06,07:45:00,iOS Developer,"code,test,fix bugs,add features",development of new software,Less than 03 years,Software company in private sector,2 - 5,A few times a week,Never,Never,A few times a week,,,jira,I do not know the tool,I do not know the tool,I do not know the tool,I do not know the tool,I do not know the tool,I do not know the tool,I do not know the tool,I do not know the tool,I do not know the tool,I do not know the tool,I do not know the tool,I do not know the tool,I do not know the tool,I do not know the tool,I do not know the tool,I do not know the tool,I do not know the tool,Very relevant,I do not know the tool,I do not know the tool,I do not know the tool,I do not know the tool,I do not know the tool,I do not know the tool,I do not know the tool,I do not know the tool,I do not know the tool,I do not know the tool,I do not know the tool,I do not know the tool,I do not know the tool,I do not know the tool,I do not know the tool,I do not know the tool,I do not know the tool,I do not know the tool,I do not know the tool,I do not know the tool,I do not know the tool,I do not know the tool,I do not know the tool,I do not know the tool,I do not know the tool,I do not know the tool,I do not know the tool,I do not know the tool,I do not know the tool,I do not know the tool,I do not know the tool,I do not know the tool,I do not know the tool,Yes,Yes,07:50:00,nope
21/11/2016 00:31:52,06:21:00,iOS Chief Software Architect,"Review changes, review and develop future requests",maintenance and evolution of software,3 - 10 years,Software company in private sector,More than 10,A few times a week,A few times a week,A few times a week,A few times a day/every day,,,JIRA,I do not know the tool,Relevant,I do not know the tool,I do not know the tool,I do not know the tool,I do not know the tool,Relevant,I do not know the tool,I do not know the tool,I do not know the tool,I do not know the tool,I do not know the tool,I do not know the tool,I do not know the tool,I do not know the tool,I do not know the tool,I do not know the tool,Very relevant,I do not know the tool,I do not know the tool,I do not know the tool,I do not know the tool,I do not know the tool,I do not know the tool,I do not know the tool,I do not know the tool,I do not know the tool,I do not know the tool,I do not know the tool,I do not know the tool,I do not know the tool,I do not know the tool,I do not know the tool,I do not know the tool,I do not know the tool,I do not know the tool,I do not know the tool,I do not know the tool,I do not know the tool,I do not know the tool,I do not know the tool,I do not know the tool,I do not know the tool,I do not know the tool,I do not know the tool,I do not know the tool,I do not know the tool,I do not know the tool,I do not know the tool,I do not know the tool,I do not know the tool,Yes,No,06:30:00,
21/11/2016 02:09:41,06:00:00,software engineer (android),"write code (new projects, new features, enhancement,bug fixes), code review, reading",maintenance and evolution of software,3 - 10 years,Software company in private sector,More than 10,Weekly,Less than monthly,Less than monthly,A few times a day/every day,,,jira,I do not know the tool,I do not know the tool,I do not know the tool,I do not know the tool,I do not know the tool,I do not know the tool,I do not know the tool,I do not know the tool,I do not know the tool,I do not know the tool,I do not know the tool,I do not know the tool,I do not know the tool,I do not know the tool,I do not know the tool,I do not know the tool,I do not know the tool,Very relevant,I do not know the tool,I do not know the tool,I do not know the tool,Relevant,I do not know the tool,I do not know the tool,I do not know the tool,I do not know the tool,I do not know the tool,I do not know the tool,I do not know the tool,I do not know the tool,I do not know the tool,I do not know the tool,I do not know the tool,I do not know the tool,I do not know the tool,I do not know the tool,I do not know the tool,I do not know the tool,I do not know the tool,I do not know the tool,I do not know the tool,I do not know the tool,I do not know the tool,I do not know the tool,I do not know the tool,I do not know the tool,I do not know the tool,I do not know the tool,I do not know the tool,I do not know the tool,I do not know the tool,Yes,No,06:10:00,
21/11/2016 02:23:14,09:44:00,Software Architect,"Software system design, client management, project management and code review.",development of new software,3 - 10 years,Software company in private sector,2 - 5,Weekly,A few times a week,A few times a week,A few times a month,,,Bugzilla,I do not know the tool,Not very relevant,I do not know the tool,I do not know the tool,I do not know the tool,Nothing relevant,Very relevant,I do not know the tool,I do not know the tool,I do not know the tool,I do not know the tool,I do not know the tool,I do not know the tool,Relevant,Relevant,I do not know the tool,I do not know the tool,Very relevant,I do not know the tool,Very relevant,I do not know the tool,Very relevant,I do not know the tool,I do not know the tool,I do not know the tool,I do not know the tool,I do not know the tool,I do not know the tool,I do not know the tool,Very relevant,I do not know the tool,I do not know the tool,I do not know the tool,I do not know the tool,I do not know the tool,I do not know the tool,I do not know the tool,I do not know the tool,I do not know the tool,I do not know the tool,I do not know the tool,I do not know the tool,I do not know the tool,I do not know the tool,I do not know the tool,I do not know the tool,I do not know the tool,I do not know the tool,I do not know the tool,I do not know the tool,I do not know the tool,Yes,Yes,10:01:00,The list of CRMS provided is very long and I haven't heard about most of them.
21/11/2016 04:42:02,12:06:00,Sr. Software Engineer,Development using php & Mysql,maintenance and evolution of software,3 - 10 years,Software company in private sector,2 - 5,Never,A few times a month,Less than monthly,A few times a day/every day,,,JIRA,I do not know the tool,I do not know the tool,I do not know the tool,I do not know the tool,I do not know the tool,I do not know the tool,Not very relevant,Not very relevant,I do not know the tool,I do not know the tool,I do not know the tool,I do not know the tool,I do not know the tool,I do not know the tool,I do not know the tool,I do not know the tool,I do not know the tool,Very relevant,I do not know the tool,I do not know the tool,I do not know the tool,Not very relevant,I do not know the tool,I do not know the tool,I do not know the tool,I do not know the tool,I do not know the tool,I do not know the tool,I do not know the tool,Nothing relevant,I do not know the tool,I do not know the tool,I do not know the tool,I do not know the tool,I do not know the tool,I do not know the tool,I do not know the tool,I do not know the tool,I do not know the tool,I do not know the tool,I do not know the tool,I do not know the tool,I do not know the tool,I do not know the tool,I do not know the tool,I do not know the tool,I do not know the tool,I do not know the tool,I do not know the tool,I do not know the tool,I do not know the tool,Yes,No,12:11:00,
21/11/2016 06:12:30,09:07:00,Head of iOS development,"Software development management, programming",development of new software,3 - 10 years,Software company in private sector,6 - 10,A few times a month,Weekly,Weekly,A few times a day/every day,,,"Zoho, Wrike, JIRA",I do not know the tool,I do not know the tool,I do not know the tool,I do not know the tool,I do not know the tool,I do not know the tool,I do not know the tool,I do not know the tool,I do not know the tool,I do not know the tool,I do not know the tool,I do not know the tool,I do not know the tool,I do not know the tool,I do not know the tool,I do not know the tool,I do not know the tool,Relevant,I do not know the tool,I do not know the tool,I do not know the tool,I do not know the tool,I do not know the tool,I do not know the tool,I do not know the tool,I do not know the tool,I do not know the tool,I do not know the tool,I do not know the tool,I do not know the tool,I do not know the tool,I do not know the tool,I do not know the tool,I do not know the tool,I do not know the tool,I do not know the tool,I do not know the tool,I do not know the tool,I do not know the tool,I do not know the tool,I do not know the tool,I do not know the tool,I do not know the tool,I do not know the tool,I do not know the tool,I do not know the tool,Not very relevant,I do not know the tool,Not very relevant,I do not know the tool,I do not know the tool,No,No,09:12:00,
21/11/2016 06:38:20,14:04:00,Software engineer,Develop mobile application,development of new software,3 - 10 years,Software company in private sector,More than 10,Less than monthly,Less than monthly,Never,A few times a day/every day,,,nil,I do not know the tool,I do not know the tool,I do not know the tool,I do not know the tool,I do not know the tool,I do not know the tool,I do not know the tool,I do not know the tool,I do not know the tool,I do not know the tool,I do not know the tool,I do not know the tool,I do not know the tool,I do not know the tool,I do not know the tool,I do not know the tool,I do not know the tool,Relevant,I do not know the tool,I do not know the tool,I do not know the tool,I do not know the tool,I do not know the tool,I do not know the tool,Not very relevant,I do not know the tool,I do not know the tool,I do not know the tool,I do not know the tool,Very relevant,I do not know the tool,I do not know the tool,I do not know the tool,I do not know the tool,I do not know the tool,I do not know the tool,I do not know the tool,I do not know the tool,I do not know the tool,I do not know the tool,I do not know the tool,I do not know the tool,I do not know the tool,I do not know the tool,I do not know the tool,I do not know the tool,I do not know the tool,I do not know the tool,I do not know the tool,I do not know the tool,I do not know the tool,Yes,Yes,14:07:00,
21/11/2016 07:40:54,05:37:00,software engineer,"coding, running ML jobs, monitoring stuff",development of new software,3 - 10 years,Software company in private sector,2 - 5,A few times a day/every day,A few times a week,Weekly,A few times a day/every day,,,github,I do not know the tool,I do not know the tool,I do not know the tool,I do not know the tool,I do not know the tool,I do not know the tool,Nothing relevant,I do not know the tool,I do not know the tool,I do not know the tool,I do not know the tool,I do not know the tool,I do not know the tool,Not very relevant,I do not know the tool,I do not know the tool,I do not know the tool,I do not know the tool,I do not know the tool,I do not know the tool,I do not know the tool,I do not know the tool,I do not know the tool,I do not know the tool,I do not know the tool,I do not know the tool,I do not know the tool,I do not know the tool,I do not know the tool,I do not know the tool,I do not know the tool,I do not know the tool,I do not know the tool,I do not know the tool,I do not know the tool,I do not know the tool,I do not know the tool,I do not know the tool,I do not know the tool,I do not know the tool,I do not know the tool,I do not know the tool,I do not know the tool,I do not know the tool,I do not know the tool,I do not know the tool,I do not know the tool,I do not know the tool,I do not know the tool,I do not know the tool,Nothing relevant,No,No,05:40:00,go go 24 hours time format and metric system 
21/11/2016 08:51:09,14:09:00,Developer,Developer of municipal processes,development of new software,3 - 10 years,Software company in government sector,More than 10,Weekly,A few times a week,A few times a day/every day,A few times a day/every day,,,dolibarr,Very relevant,Nothing relevant,I do not know the tool,I do not know the tool,I do not know the tool,I do not know the tool,Very relevant,I do not know the tool,I do not know the tool,I do not know the tool,I do not know the tool,I do not know the tool,I do not know the tool,I do not know the tool,I do not know the tool,I do not know the tool,I do not know the tool,Very relevant,I do not know the tool,I do not know the tool,I do not know the tool,Very relevant,Relevant,I do not know the tool,Not very relevant,I do not know the tool,I do not know the tool,I do not know the tool,I do not know the tool,I do not know the tool,I do not know the tool,Nothing relevant,I do not know the tool,I do not know the tool,I do not know the tool,I do not know the tool,Not very relevant,I do not know the tool,I do not know the tool,I do not know the tool,I do not know the tool,I do not know the tool,I do not know the tool,I do not know the tool,I do not know the tool,Not very relevant,I do not know the tool,I do not know the tool,I do not know the tool,I do not know the tool,I do not know the tool,No,Yes,02:40:00,
21/11/2016 09:18:24,14:07:00,Software Developer,developing software,maintenance and evolution of software,3 - 10 years,officer at government sector,More than 10,A few times a month,Less than monthly,A few times a month,A few times a week,,,Redmine,I do not know the tool,I do not know the tool,I do not know the tool,I do not know the tool,I do not know the tool,I do not know the tool,Not very relevant,I do not know the tool,I do not know the tool,I do not know the tool,I do not know the tool,I do not know the tool,I do not know the tool,I do not know the tool,I do not know the tool,I do not know the tool,I do not know the tool,Nothing relevant,I do not know the tool,I do not know the tool,I do not know the tool,I do not know the tool,I do not know the tool,I do not know the tool,I do not know the tool,I do not know the tool,I do not know the tool,I do not know the tool,I do not know the tool,Relevant,I do not know the tool,I do not know the tool,I do not know the tool,I do not know the tool,I do not know the tool,I do not know the tool,Relevant,I do not know the tool,I do not know the tool,I do not know the tool,I do not know the tool,I do not know the tool,I do not know the tool,I do not know the tool,I do not know the tool,I do not know the tool,Nothing relevant,I do not know the tool,I do not know the tool,I do not know the tool,I do not know the tool,Yes,Yes,14:17:00,"I couldn't exactly understand 2 of ""How often are you engaged in the following activities?""  questions. "
21/11/2016 10:06:43,10:10:00,Data analyst,Provide sales reports and keep website up-to-date,maintenance and evolution of software,3 - 10 years,Import / Export,1 (myself only),Never,Never,Never,Weekly,,,Github,I do not know the tool,I do not know the tool,I do not know the tool,I do not know the tool,I do not know the tool,I do not know the tool,Nothing relevant,I do not know the tool,Nothing relevant,I do not know the tool,I do not know the tool,I do not know the tool,Nothing relevant,I do not know the tool,I do not know the tool,I do not know the tool,I do not know the tool,I do not know the tool,I do not know the tool,I do not know the tool,I do not know the tool,I do not know the tool,I do not know the tool,I do not know the tool,I do not know the tool,I do not know the tool,I do not know the tool,I do not know the tool,I do not know the tool,I do not know the tool,I do not know the tool,I do not know the tool,I do not know the tool,I do not know the tool,I do not know the tool,I do not know the tool,I do not know the tool,I do not know the tool,I do not know the tool,I do not know the tool,I do not know the tool,I do not know the tool,I do not know the tool,I do not know the tool,I do not know the tool,I do not know the tool,I do not know the tool,I do not know the tool,I do not know the tool,I do not know the tool,I do not know the tool,No,No,10:06:00,
21/11/2016 10:19:38,03:13:00,CTO,Making developers work and making boss understand what he pays them for.,development of new software,10 - 20 years,Software company in private sector,6 - 10,A few times a week,A few times a week,A few times a day/every day,Weekly,,,Scrum/kanban board (tangible) w/ little help of Trello (after trying out dozens of software issue trackers),I do not know the tool,I do not know the tool,I do not know the tool,I do not know the tool,I do not know the tool,I do not know the tool,Relevant,I do not know the tool,Relevant,Not very relevant,I do not know the tool,I do not know the tool,I do not know the tool,I do not know the tool,I do not know the tool,I do not know the tool,I do not know the tool,Very relevant,I do not know the tool,Relevant,I do not know the tool,Relevant,Not very relevant,I do not know the tool,Very relevant,Not very relevant,I do not know the tool,I do not know the tool,I do not know the tool,Not very relevant,Not very relevant,I do not know the tool,I do not know the tool,I do not know the tool,I do not know the tool,I do not know the tool,I do not know the tool,I do not know the tool,I do not know the tool,I do not know the tool,I do not know the tool,Not very relevant,I do not know the tool,I do not know the tool,I do not know the tool,I do not know the tool,I do not know the tool,Not very relevant,I do not know the tool,I do not know the tool,I do not know the tool,Yes,No,03:17:00,"Make choices the checkboxes, we, for instance, have both new products and ones on support."
21/11/2016 15:19:52,10:27:00,programmer,prgramming,development of new software,3 - 10 years,Software company in private sector,2 - 5,Never,Less than monthly,Less than monthly,A few times a day/every day,,,Remedy,I do not know the tool,I do not know the tool,I do not know the tool,Not very relevant,I do not know the tool,I do not know the tool,Not very relevant,I do not know the tool,I do not know the tool,I do not know the tool,I do not know the tool,I do not know the tool,I do not know the tool,I do not know the tool,Not very relevant,Not very relevant,I do not know the tool,Very relevant,I do not know the tool,I do not know the tool,I do not know the tool,I do not know the tool,I do not know the tool,I do not know the tool,I do not know the tool,I do not know the tool,I do not know the tool,I do not know the tool,I do not know the tool,I do not know the tool,I do not know the tool,I do not know the tool,I do not know the tool,I do not know the tool,I do not know the tool,I do not know the tool,I do not know the tool,I do not know the tool,I do not know the tool,I do not know the tool,I do not know the tool,I do not know the tool,I do not know the tool,I do not know the tool,I do not know the tool,I do not know the tool,I do not know the tool,I do not know the tool,I do not know the tool,Not very relevant,I do not know the tool,No,No,10:40:00,
21/11/2016 16:13:06,23:37:00,Software engineer,developing android application,development of new software,Less than 03 years,Software company in private sector,More than 10,A few times a week,Weekly,Weekly,Weekly,,,open project,I do not know the tool,I do not know the tool,Nothing relevant,I do not know the tool,I do not know the tool,I do not know the tool,Nothing relevant,I do not know the tool,I do not know the tool,I do not know the tool,Nothing relevant,I do not know the tool,I do not know the tool,Nothing relevant,I do not know the tool,I do not know the tool,I do not know the tool,Relevant,I do not know the tool,Nothing relevant,I do not know the tool,I do not know the tool,Nothing relevant,I do not know the tool,I do not know the tool,I do not know the tool,I do not know the tool,I do not know the tool,Nothing relevant,I do not know the tool,I do not know the tool,Nothing relevant,I do not know the tool,I do not know the tool,I do not know the tool,I do not know the tool,Nothing relevant,I do not know the tool,I do not know the tool,I do not know the tool,I do not know the tool,Nothing relevant,I do not know the tool,I do not know the tool,I do not know the tool,I do not know the tool,I do not know the tool,I do not know the tool,I do not know the tool,I do not know the tool,I do not know the tool,Yes,Yes,23:42:00,No. Thanks
21/11/2016 16:21:37,23:47:00,Full Stack Web Developer,Working on new features and bugs on our product,development of new software,3 - 10 years,Software company in private sector,6 - 10,A few times a week,A few times a week,A few times a week,A few times a day/every day,,,"HappyFox Helpdesk, Pivotal Tracker",I do not know the tool,I do not know the tool,I do not know the tool,I do not know the tool,I do not know the tool,I do not know the tool,I do not know the tool,I do not know the tool,I do not know the tool,I do not know the tool,I do not know the tool,I do not know the tool,I do not know the tool,I do not know the tool,I do not know the tool,I do not know the tool,I do not know the tool,Relevant,Not very relevant,I do not know the tool,Nothing relevant,I do not know the tool,Nothing relevant,I do not know the tool,I do not know the tool,Very relevant,I do not know the tool,I do not know the tool,I do not know the tool,I do not know the tool,I do not know the tool,I do not know the tool,I do not know the tool,I do not know the tool,I do not know the tool,I do not know the tool,I do not know the tool,I do not know the tool,I do not know the tool,I do not know the tool,I do not know the tool,I do not know the tool,I do not know the tool,I do not know the tool,I do not know the tool,Very relevant,I do not know the tool,I do not know the tool,I do not know the tool,I do not know the tool,I do not know the tool,Yes,Yes,11:49:00,Would like to know more about this research and would like to participate in any way possible
22/11/2016 06:52:19,09:46:00,Software Engineer,"Development, Requirement analysis, Reporting, Issue tracking",development of new software,3 - 10 years,Software company in private sector,More than 10,A few times a month,Less than monthly,Less than monthly,A few times a day/every day,,,Cimbug,I do not know the tool,I do not know the tool,I do not know the tool,I do not know the tool,I do not know the tool,I do not know the tool,Very relevant,I do not know the tool,I do not know the tool,I do not know the tool,I do not know the tool,I do not know the tool,Relevant,Not very relevant,Nothing relevant,Nothing relevant,Nothing relevant,Relevant,Not very relevant,Not very relevant,I do not know the tool,I do not know the tool,I do not know the tool,I do not know the tool,Relevant,I do not know the tool,I do not know the tool,I do not know the tool,I do not know the tool,Very relevant,Relevant,I do not know the tool,I do not know the tool,I do not know the tool,I do not know the tool,Relevant,Relevant,I do not know the tool,I do not know the tool,I do not know the tool,I do not know the tool,I do not know the tool,I do not know the tool,I do not know the tool,I do not know the tool,I do not know the tool,I do not know the tool,I do not know the tool,I do not know the tool,I do not know the tool,I do not know the tool,Yes,No,09:52:00,
09/12/2016 22:00:31,06:34:00,I wear many hats; job title is irrelevant.,"That depends which job.  As a software developer, I would design, plan, write, test, debug software, and also speak with beta testers to get feedback.  In IT, I am the IT guru's assistant, logging his time in/out at each client, installing software on client machines, explaining (in plain English) to the client what we are doing to their computer, and helping the IT guru in any other way he needs.","See above, ""the IT guru's assistant""... I also develop software for my own private project on the side.",10 - 20 years,"small IT company, working on site (usually in client homes)",2 - 5,Less than monthly,Less than monthly,Less than monthly,A few times a month,,,"In IT we don't use CRMS.  In software development jobs, I've used ClearQuest and ClearCase at one, and less formal methods at other jobs.  In one position, I designed my own bug report form (CR).",I do not know the tool,I do not know the tool,I do not know the tool,I do not know the tool,I do not know the tool,I do not know the tool,I do not know the tool,I do not know the tool,I do not know the tool,I do not know the tool,I do not know the tool,I do not know the tool,I do not know the tool,I do not know the tool,I do not know the tool,Relevant,I do not know the tool,I do not know the tool,I do not know the tool,I do not know the tool,I do not know the tool,I do not know the tool,I do not know the tool,I do not know the tool,I do not know the tool,I do not know the tool,I do not know the tool,I do not know the tool,I do not know the tool,I do not know the tool,I do not know the tool,I do not know the tool,I do not know the tool,I do not know the tool,I do not know the tool,I do not know the tool,I do not know the tool,I do not know the tool,I do not know the tool,I do not know the tool,I do not know the tool,I do not know the tool,I do not know the tool,I do not know the tool,I do not know the tool,I do not know the tool,I do not know the tool,I do not know the tool,I do not know the tool,I do not know the tool,I do not know the tool,Yes,Yes,18:54:00,"On the bug report form that I created, I don't think I ever got one back that was filled out completely.  Usually the person reporting the bug wrote as little as they could to mention that there's a bug.  This is not very useful if they don't mention anything about how to make the bug happen, under what conditions it does or does not occur, etc.

On the other hand, I found ClearQuest difficult to use without any training."
12/12/2016 06:25:19,08:18:00,Senior DEsign Engineer (Software),"Agile style development/implementation of new features and functions, maintenance of existing functionality in Cradle Requirements Management (RM) and Model Based Systems Engineering (MBSE) tool.",maintenance and evolution of software,10 - 20 years,Software company in private sector,More than 10,A few times a week,A few times a month,Weekly,A few times a day/every day,,,Cradle,I do not know the tool,I do not know the tool,I do not know the tool,I do not know the tool,I do not know the tool,I do not know the tool,Relevant,I do not know the tool,I do not know the tool,I do not know the tool,I do not know the tool,I do not know the tool,I do not know the tool,Not very relevant,I do not know the tool,I do not know the tool,I do not know the tool,Relevant,Not very relevant,I do not know the tool,I do not know the tool,I do not know the tool,I do not know the tool,I do not know the tool,I do not know the tool,I do not know the tool,I do not know the tool,I do not know the tool,I do not know the tool,I do not know the tool,I do not know the tool,I do not know the tool,I do not know the tool,I do not know the tool,I do not know the tool,I do not know the tool,I do not know the tool,I do not know the tool,I do not know the tool,I do not know the tool,I do not know the tool,I do not know the tool,I do not know the tool,I do not know the tool,I do not know the tool,I do not know the tool,I do not know the tool,I do not know the tool,I do not know the tool,I do not know the tool,Not very relevant,Yes,Yes,08:24:00,
14/12/2016 12:41:36,08:37:00,Senior Software Engineer,Review code. Work support tickets. Develop code. Work with data.,maintenance and evolution of software,10 - 20 years,Software company in private sector,More than 10,A few times a week,A few times a week,A few times a week,A few times a day/every day,,,Sysaid and Bugnet,I do not know the tool,I do not know the tool,I do not know the tool,I do not know the tool,I do not know the tool,I do not know the tool,Relevant,I do not know the tool,Relevant,I do not know the tool,I do not know the tool,I do not know the tool,I do not know the tool,Relevant,Relevant,I do not know the tool,I do not know the tool,Not very relevant,I do not know the tool,I do not know the tool,I do not know the tool,Not very relevant,Very relevant,I do not know the tool,Relevant,I do not know the tool,I do not know the tool,I do not know the tool,I do not know the tool,Not very relevant,I do not know the tool,I do not know the tool,I do not know the tool,I do not know the tool,Very relevant,I do not know the tool,Very relevant,I do not know the tool,I do not know the tool,I do not know the tool,I do not know the tool,I do not know the tool,I do not know the tool,I do not know the tool,I do not know the tool,I do not know the tool,I do not know the tool,I do not know the tool,Not very relevant,I do not know the tool,Not very relevant,No,No,08:42:00,